series,location,keywords,numpages,articleno,booktitle,abstract,doi,url,address,publisher,isbn,year,title,author,ENTRYTYPE,ID,pages,month,journal,issn,number,volume,issue_date,note
CHI '25,,"Creative AI, Generative AI, Research through Design",16,543,Proceedings of the 2025 CHI Conference on Human Factors in Computing Systems,"Cameras are increasingly augmented with computational processing, producing images that blur the line between documenting reality and creative expression. The rise of text-to-image models has redefined the concept of imagery, sparking ethical and philosophical debates. This paper presents the findings of a qualitative study that employed a provocative prototype ‘camera’ – the A(I)Cam – to engage creative practitioners directly in these discussions. Developed using a Research-through-Design (RtD) approach, the tangible prototype generates and instantly prints AI-created images. A(I)Cam facilitated reflection among creative practitioners (N=15) on their experiences with AI-driven tools and the broader implications for their future practices. We examine the shifts in perspective that emerged from engaging with this embodied form of generative AI (genAI), challenging traditional text-based interaction paradigms, and inviting new modes of creative exploration and reflection. In addition, we offer insights from the RtD project, highlighting the integration of genAI tools into the industrial design process.",10.1145/3706598.3713529,https://doi-org.ez24.periodicos.capes.gov.br/10.1145/3706598.3713529,"New York, NY, USA",Association for Computing Machinery,9798400713941,2025,Creative Reflections on Image-Making with Artificial Intelligence: Interactions with a Provocative 'Camera',"Page, Rowan and See, Jian Shin",inproceedings,10.1145/3706598.3713529,,,,,,,,
CCS '25,"Taipei, Taiwan","concept auditing, diffusion models, generative ai",15,,Proceedings of the 2025 ACM SIGSAC Conference on Computer and Communications Security,"Diffusion models (DMs) have revolutionized text-to-image generation, enabling the creation of highly realistic and customized images from text prompts. With the rise of parameter-efficient fine-tuning (PEFT) techniques like LoRA, users can now customize powerful pre-trained models using minimal computational resources. However, the widespread sharing of fine-tuned DMs on open platforms raises growing ethical and legal concerns, as these models may inadvertently or deliberately generate sensitive or unauthorized content, such as copyrighted material, private individuals, or harmful content. Despite increasing regulatory attention on generative AI, there are currently no practical tools for systematically auditing these models before deployment. In this paper, we address the problem of concept auditing: determining whether a fine-tuned DM has learned to generate a specific target concept. Existing approaches typically rely on prompt-based input crafting and output-based image classification but they suffer from critical limitations, including prompt uncertainty, concept drift, and poor scalability. To overcome these challenges, we introduce Prompt-Agnostic Image-Free Auditing (PAIA), a novel, model-centric concept auditing framework. By treating the DM as the object of inspection, PAIA enables direct analysis of internal model behavior, bypassing the need for optimized prompts or generated images. It integrates two key components: a prompt-agnostic strategy that mitigates prompt sensitivity by analyzing model behavior during late-stage denoising, and an image-free detection method based on conditional calibrated error, which compares the internal dynamics of a fine-tuned model against its base version. Our auditing setting assumes internal access to DMs, but does not require access to proprietary fine-tuning data or user prompts, an assumption aligned with how hosted platforms audit uploaded models. We evaluate PAIA on 320 controlled models trained with curated concept datasets and 771 real-world community models sourced from a public DM sharing platform, covering a wide range of concepts including celebrities, cartoon characters, videogame entities, and movie references. Evaluation results show that PAIA achieves over 90\% detection accuracy while reducing auditing time by 18 - 40x compared to existing baselines, and remains robust under adaptive attacks. To our knowledge, PAIA is the first scalable and practical solution for pre-deployment concept auditing of diffusion models, providing a practical foundation for safer and more transparent diffusion model sharing.",10.1145/3719027.3765052,https://doi-org.ez24.periodicos.capes.gov.br/10.1145/3719027.3765052,"New York, NY, USA",Association for Computing Machinery,9798400715259,2025,What Lurks Within? Concept Auditing for Shared Diffusion Models at Scale,"Yuan, Xiaoyong (Brian) and Ma, Xiaolong and Guo, Linke and Zhang, Lan",inproceedings,10.1145/3719027.3765052,4154–4168,,,,,,,
SIGGRAPH Conference Papers '25,,"Generative AI, Video Generation, Motion",12,4,Proceedings of the Special Interest Group on Computer Graphics and Interactive Techniques Conference Conference Papers,"In this work, we present a novel approach for motion customization in video generation, addressing the widespread gap in the exploration of motion representation within video generative models. Recognizing the unique challenges posed by the spatiotemporal nature of video, our method introduces Motion Embeddings, a set of explicit, temporally coherent embeddings derived from a given video. These embeddings are designed to integrate seamlessly with the temporal transformer modules of video diffusion models, modulating self-attention computations across frames without compromising spatial integrity. Our approach provides a compact and efficient solution to motion representation, utilizing two types of embeddings: a Motion Query-Key Embedding to modulate the temporal attention map and a Motion Value Embedding to modulate the attention values. Additionally, we introduce an inference strategy that excludes spatial dimensions from the Motion Query-Key Embedding and applies a debias operation to the Motion Value Embedding, both designed to debias appearance and ensure the embeddings focus solely on motion. Our contributions include the introduction of a tailored motion embedding for customization tasks and a demonstration of the practical advantages and effectiveness of our method through extensive experiments. Project page: https://wileewang.github.io/MotionInversion/",10.1145/3721238.3730735,https://doi-org.ez24.periodicos.capes.gov.br/10.1145/3721238.3730735,"New York, NY, USA",Association for Computing Machinery,9798400715402,2025,Motion Inversion for Video Customization,"Wang, Luozhou and Mai, Ziyang and Shen, Guibao and Liang, Yixun and Tao, Xin and Wan, Pengfei and Zhang, Di and Li, Yijun and Chen, Ying-Cong",inproceedings,10.1145/3721238.3730735,,,,,,,,
OzCHI '25,,"Design, Inspiration, Ideation, Generative AI, Agentic AI, Agents",17,,Proceedings of the 37th Australian Conference on Human-Computer Interaction,"As designers become familiar with generative AI, a new concept is emerging: agentic AI. While generative AI produces output in response to prompts, agentic AI systems promise to perform mundane tasks autonomously, potentially freeing designers to focus on what they love: being creative. But how do designers feel about integrating agentic AI systems into their workflows? Through design fiction, we investigated how designers want to interact with a collaborative agentic AI platform. Ten professional designers imagined and discussed collaborating with an AI agent to organise inspiration sources and ideate. Our findings highlight the roles AI agents can play in supporting designers, the division of authority between humans and AI, and how designers’ intent can be explained to AI agents beyond prompts. We synthesise our findings into a conceptual framework that identifies authority distribution among humans and AI agents and discuss directions for utilising AI agents in future design workflows.",10.1145/3764687.3764719,https://doi-org.ez24.periodicos.capes.gov.br/10.1145/3764687.3764719,"New York, NY, USA",Association for Computing Machinery,9798400720161,2025,Imagining Design Workflows in Agentic AI Futures,"Wadinambiarachchi, Samangi and Waycott, Jenny and Rogers, Yvonne and Wadley, Greg",inproceedings,10.1145/3764687.3764719,19–35,,,,,,,
Expanded '25,,"Generative AI, No-coding AI, Creative AI, Accessible AI, Small Data, Model Crafting",8,,Proceedings of the Conference on Animation and Interactive Art,"In this paper, we present a series of artworks created using Autolume, a no-coding, generative AI tool that leverages the artistic potential of Generative Adversarial Networks (GANs). Designed to empower artists without technical backgrounds, Autolume enables small-data model training, real-time latent space exploration, and interactive applications such as audio-reactive visuals. By preserving the fluidity and navigability of GAN latent spaces, Autolume offers unique possibilities for the creation of moving images and dynamic visual experiences. Through diverse case studies, including audiovisual performances, interactive installations, and small-dataset model crafting, we demonstrate how Autolume expands creative agency and supports new modes of artistic expression with generative AI.",10.1145/3749893.3749968,https://doi-org.ez24.periodicos.capes.gov.br/10.1145/3749893.3749968,"New York, NY, USA",Association for Computing Machinery,9798400715327,2025,Autolume: A GAN-based No-Coding Small Data and Model Crafting Visual Synthesizer for Artistic Creation,"Sobhan, Arshia and Abuzuraiq, Ahmed M. and Pasquier, Philippe and Ringenbach, Lionel and Kr\""{u}g, Kris",inproceedings,10.1145/3749893.3749968,165–172,,,,,,,
CVMP '23,"London, United Kingdom","Content provenance, Data governance., Distributed ledger technology (DLT/Blockchain), Generative AI",10,4,Proceedings of the 20th ACM SIGGRAPH European Conference on Visual Media Production,"We present DECORAIT; a decentralized registry through which content creators may assert their right to opt in or out of AI training and receive rewards for their contributions. Generative AI (GenAI) enables images to be synthesized using AI models trained on vast amounts of data scraped from public sources. Model and content creators who may wish to share their work openly without sanctioning its use for training are thus presented with a data governance challenge. Further, establishing the provenance of GenAI training data is important to creatives to ensure fair recognition and reward for their such use. We report a prototype of DECORAIT, which explores hierarchical clustering and a combination of on/off-chain storage to create a scalable decentralized registry to trace the provenance of GenAI training data to determine training consent and reward creatives who contribute that data. DECORAIT combines distributed ledger technology (DLT) with visual fingerprinting, leveraging the emerging C2PA (Coalition for Content Provenance and Authenticity) standard to create a secure, open registry through which creatives may express consent and data ownership for GenAI.",10.1145/3626495.3626506,https://doi-org.ez24.periodicos.capes.gov.br/10.1145/3626495.3626506,"New York, NY, USA",Association for Computing Machinery,9798400704260,2023,DECORAIT - DECentralized Opt-in/out Registry for AI Training,"Balan, Kar and Gilbert, Andrew and Black, Alexander and Jenni, Simon and Parsons, Andy and Collomosse, John",inproceedings,10.1145/3626495.3626506,,,,,,,,
CHI '25,,"intent tagging, human-AI interaction, human-AI co-creation, generative AI, rich content creation",31,531,Proceedings of the 2025 CHI Conference on Human Factors in Computing Systems,"Despite Generative AI (GenAI) systems’ potential for enhancing content creation, users often struggle to effectively integrate GenAI into their creative workflows. Core challenges include misalignment of AI-generated content with user intentions (intent elicitation and alignment), user uncertainty around how to best communicate their intents to the AI system (prompt formulation), and insufficient flexibility of AI systems to support diverse creative workflows (workflow flexibility). Motivated by these challenges, we created IntentTagger: a system for slide creation based on the notion of Intent Tags—small, atomic conceptual units that encapsulate user intent—for exploring granular and non-linear micro-prompting interactions for Human-GenAI co-creation workflows. Our user study with 12 participants provides insights into the value of flexibly expressing intent across varying levels of ambiguity, meta-intent elicitation, and the benefits and challenges of intent tag-driven workflows. We conclude by discussing the broader implications of our findings and design considerations for GenAI-supported content creation workflows.",10.1145/3706598.3713861,https://doi-org.ez24.periodicos.capes.gov.br/10.1145/3706598.3713861,"New York, NY, USA",Association for Computing Machinery,9798400713941,2025,Intent Tagging: Exploring Micro-Prompting Interactions for Supporting Granular Human-GenAI Co-Creation Workflows,"Gmeiner, Frederic and Marquardt, Nicolai and Bentley, Michael and Romat, Hugo and Pahud, Michel and Brown, David and Roseway, Asta and Martelaro, Nikolas and Holstein, Kenneth and Hinckley, Ken and Riche, Nathalie",inproceedings,10.1145/3706598.3713861,,,,,,,,
UIST '24,"Pittsburgh, PA, USA","VR telepresence, generative AI",25,41,Proceedings of the 37th Annual ACM Symposium on User Interface Software and Technology,"There is increased interest in using generative AI to create 3D spaces for Virtual Reality (VR) applications. However, today’s models produce artificial environments, falling short of supporting collaborative tasks that benefit from incorporating the user’s physical context. To generate environments that support VR telepresence, we introduce SpaceBlender, a novel pipeline that utilizes generative AI techniques to blend users’ physical surroundings into unified virtual spaces. This pipeline transforms user-provided 2D images into context-rich 3D environments through an iterative process consisting of depth estimation, mesh alignment, and diffusion-based space completion guided by geometric priors and adaptive text prompts. In a preliminary within-subjects study, where 20 participants performed a collaborative VR affinity diagramming task in pairs, we compared SpaceBlender with a generic virtual environment and a state-of-the-art scene generation framework, evaluating its ability to create virtual spaces suitable for collaboration. Participants appreciated the enhanced familiarity and context provided by SpaceBlender but also noted complexities in the generative environments that could detract from task focus. Drawing on participant feedback, we propose directions for improving the pipeline and discuss the value and design of blended spaces for different scenarios.",10.1145/3654777.3676361,https://doi-org.ez24.periodicos.capes.gov.br/10.1145/3654777.3676361,"New York, NY, USA",Association for Computing Machinery,9798400706288,2024,SpaceBlender: Creating Context-Rich Collaborative Spaces Through Generative 3D Scene Blending,"Numan, Nels and Rajaram, Shwetha and Kumaravel, Balasaravanan Thoravi and Marquardt, Nicolai and Wilson, Andrew D",inproceedings,10.1145/3654777.3676361,,,,,,,,
,,,17,,Proceedings of the 24th Interaction Design and Children,"As generative AI (GenAI) emerges as a transformative force, clear understanding of high school students’ perspectives is essential for GenAI’s meaningful integration in high school environments. In this work, we draw insights from a participatory design workshop where we engaged 17 high school students—a group rarely involved in prior research in this area—through the design of novel GenAI tools and school policies addressing their key concerns. Students identified challenges and developed solutions outlining their ideal features in GenAI tools, appropriate school use, and regulations. These centered around the problem spaces of combating bias \&amp; misinformation, tackling crime \&amp; plagiarism, preventing over-reliance on AI, and handling false accusations of academic dishonesty. Building on our participants’ underrepresented perspectives, we propose new guidelines targeted at educational technology designers for development of GenAI technologies in high schools. We also argue for further incorporation of student voices in development of AI policies in their schools.",,https://doi-org.ez24.periodicos.capes.gov.br/10.1145/3713043.3727057,"New York, NY, USA",Association for Computing Machinery,9798400714733,2025,"""How can we learn and use AI at the same time?"": Participatory Design of GenAI with High School Students","Pu, Isabella and Ravi, Prerna and Dinh, Linh Dieu and Joe, Chelsea and Ogoe, Caitlin and Li, Zixuan and Breazeal, Cynthia and Ostrowski, Anastasia K.",inbook,10.1145/3713043.3727057,204–220,,,,,,,
MM '25,"Dublin, Ireland","diffusion models, identity protection, personalization, unlearning",9,,Proceedings of the 33rd ACM International Conference on Multimedia,"Text-to-image diffusion models have demonstrated remarkable effectiveness in rapid and high-fidelity personalization, even when provided with only a few user images. However, the effectiveness of personalization techniques has lead to concerns regarding data privacy, intellectual property protection, and unauthorized usage. To mitigate such unauthorized usage and model replication, the idea of generating ''unlearnable'' training samples utilizing image poisoning techniques has emerged. Existing methods for this have limited imperceptibility as they operate in the pixel space which results in images with noise and artifacts. In this work, we propose a novel model-based perturbation strategy that operates within the latent space of diffusion models. Our method alternates between denoising and inversion while modifying the starting point of the denoising trajectory: of diffusion models. This trajectory-shifted sampling ensures that the perturbed images maintain high visual fidelity to the original inputs while being resistant to inversion and personalization by downstream generative models. This approach integrates unlearnability into the framework of Latent Diffusion Models (LDMs), enabling a practical and imperceptible defense against unauthorized model adaptation. We validate our approach on four benchmark datasets to demonstrate robustness against state-of-the-art inversion attacks. Results demonstrate that our method achieves significant improvements in imperceptibility (~8\% - 10\% on perceptual metrics including PSNR, SSIM, and FID) and robustness (~10\% on average across five adversarial settings), highlighting its effectiveness in safeguarding sensitive data. https://github.com/naresh-ub/unlearnable_samples.",10.1145/3746027.3755112,https://doi-org.ez24.periodicos.capes.gov.br/10.1145/3746027.3755112,"New York, NY, USA",Association for Computing Machinery,9798400720352,2025,Latent Diffusion Unlearning: Protecting Against Unauthorized Personalization Through Trajectory Shifted Perturbations,"Devulapally, Naresh Kumar and Agarwal, Shruti and Gokhale, Tejas and Lokhande, Vishnu Suresh",inproceedings,10.1145/3746027.3755112,11376–11384,,,,,,,
DIS '25,,"User Interface Design, Generative AI, Product Design",21,,Proceedings of the 2025 ACM Designing Interactive Systems Conference,"Industrial products are designed to satisfy the needs of consumers. The rise of generative artificial intelligence (GenAI) enables consumers to easily modify a product by prompting a generative model, opening up opportunities to incorporate consumers in exploring the product design space. However, consumers often struggle to articulate their preferred product features due to their unfamiliarity with terminology and their limited understanding of the structure of product features. We present DesignFromX, a system that empowers consumer-driven design space exploration by helping consumers to design a product based on their preferences. Leveraging an effective GenAI-based framework, the system allows users to easily identify design features from product images and compose those features to generate conceptual images and 3D models of a new product. A user study with 24 participants demonstrates that DesignFromX lowers the barriers and frustration for consumer-driven design space explorations by enhancing both engagement and enjoyment for the participants.",10.1145/3715336.3735824,https://doi-org.ez24.periodicos.capes.gov.br/10.1145/3715336.3735824,"New York, NY, USA",Association for Computing Machinery,9798400714856,2025,DesignFromX:Empowering Consumer-Driven Design Space Exploration through Feature Composition of Referenced Products,"Duan, Runlin and Zhu, Chenfei and Chen, Yuzhao and Hu, Yichen and Shi, Jingyu and Ramani, Karthik",inproceedings,10.1145/3715336.3735824,1040–1060,,,,,,,
CIKM '25,"Seoul, Republic of Korea","advertising image design, image generation, product",9,,Proceedings of the 34th ACM International Conference on Information and Knowledge Management,"Creating advertising images is often a labor-intensive and time-consuming process. Can we automatically generate such images using basic product information like a product foreground image, taglines, and a target size? Existing methods mainly focus on parts of the problem and lack a comprehensive solution. To bridge this gap, we propose a novel product-centric framework for advertising image design called T-Stars-Poster. It consists of four sequential stages to highlight product foregrounds and taglines while achieving overall image aesthetics: prompt generation, layout generation, background image generation, and graphics rendering. Different expert models are designed and trained for the first three stages: First, a visual language model (VLM) generates background prompts that match the products. Next, a VLM-based layout generation model arranges the placement of product foregrounds, graphic elements (taglines and decorative underlays), and various nongraphic elements (objects from the background prompt). Following this, an SDXL-based model can simultaneously accept prompts, layouts, and foreground controls to generate images. To support T-Stars-Poster, we create two corresponding datasets with over 50,000 labeled images. Extensive experiments and online A/B tests demonstrate that T-Stars-Poster can produce more visually appealing advertising images.",10.1145/3746252.3761554,https://doi-org.ez24.periodicos.capes.gov.br/10.1145/3746252.3761554,"New York, NY, USA",Association for Computing Machinery,9798400720406,2025,T-Stars-Poster: A Framework for Product-Centric Advertising Image Design,"Chen, Hongyu and Zhou, Min and Jiang, Jing and Chen, Jiale and Lu, Yang and Lin, Zihang and Xiao, Bo and Ge, Tiezheng and Zheng, Bo",inproceedings,10.1145/3746252.3761554,5583–5591,,,,,,,
CSCW Companion '24,"San Jose, Costa Rica","ai, chatbot, flowgpt, gen-ai, generative ai, prompt",7,,Companion Publication of the 2024 Conference on Computer-Supported Cooperative Work and Social Computing,"The advent of Generative AI and Large Language Models has not only enhanced the intelligence of interactive applications but also catalyzed the formation of communities passionate about customizing these AI capabilities. FlowGPT, an emerging platform for sharing AI prompts and use cases, exemplifies this trend, attracting many creators who develop and share chatbots with a broader community. Despite its growing popularity, there remains a significant gap in understanding the types and purposes of the AI tools created and shared by community members. In this study, we delve into FlowGPT and present our preliminary findings on the domain, output modality, and goals of chatbots. We aim to highlight common types of AI applications and identify future directions for research in AI-sharing communities.",10.1145/3678884.3681875,https://doi-org.ez24.periodicos.capes.gov.br/10.1145/3678884.3681875,"New York, NY, USA",Association for Computing Machinery,9798400711145,2024,"FlowGPT: Exploring Domains, Output Modalities, and Goals of Community-Generated AI Chatbots","Li, Xian and Han, Yuanning and Liu, Di and An, Pengcheng and Niu, Shuo",inproceedings,10.1145/3678884.3681875,355–361,,,,,,,
C&amp;C '25,,"Chinese Cuisine, Intangible Culture Heritage, Human Food Interaction, Generative AI",13,,Proceedings of the 2025 Conference on Creativity and Cognition,"Intangible Cultural Heritage (ICH) like traditional culinary practices face increasing pressure to adapt to globalization while maintaining their cultural authenticity. Centuries-old traditions in Chinese cuisine are subject to rapid changes for adaptation to contemporary tastes and dietary preferences. The preservation of these cultural practices requires approaches that can enable ICH practitioners to reimagine and recreate ICH for modern contexts. To address this, we created workshops where experienced practitioners of traditional Chinese cuisine co-created recipes using GenAI tools and realized the dishes. We found that GenAI inspired ICH practitioners to innovate recipes based on traditional workflows for broader audiences and adapt to modern dining contexts. However, GenAI-inspired co-creation posed challenges in maintaining the accuracy of original ICH workflows and preserving traditional flavors in the culinary outcomes. This study offers implications for designing human-AI collaborative processes for safeguarding and enhancing culinary ICH.",10.1145/3698061.3726917,https://doi-org.ez24.periodicos.capes.gov.br/10.1145/3698061.3726917,"New York, NY, USA",Association for Computing Machinery,9798400712890,2025,"""Salt is the Soul of Hakka Baked Chicken"": Reimagining Traditional Chinese Culinary ICH for Modern Contexts Without Losing Tradition","Liu, Sijia and Zeng, XiaoKe and Wu, Fengyihan and Ye, Shu and Liu, Bowen and Cheung, Sidney and William Allen, Richard and Lc, Ray",inproceedings,10.1145/3698061.3726917,198–210,,,,,,,
IUI '25,,"Diffusion Models, Generative AI, Medical Education, Image Generation, Interactive Generation, Guidance Strategies, Inpainting, Upsampling, Virtual Reality, Simulation Training, Deep Learning",20,,Proceedings of the 30th International Conference on Intelligent User Interfaces,"Malignant melanoma is one of the most lethal forms of cancer when not detected early. As a result, cancer screening programs have been implemented internationally, all of which require visual inspection of skin lesions. Early melanoma detection is a crucial competence in medical and dermatological education, and it is primarily trained using 2D imagery. However, given the intrinsic 3D nature of skin lesions and the importance of incorporating additional contextual information about the patient (e.g., skin type, nearby lesions, etc.), this approach falls short of providing a comprehensive and scalable learning experience. A potential solution is the use of Virtual Reality (VR) scenarios, which can offer an effective strategy to train skin cancer screenings in a realistic 3D setting, thereby enhancing medical students’ awareness of early melanoma detection. In this paper, we present a comprehensive pipeline and models for generating malignant melanomas and benign nevi, which can be utilized in VR-based medical training. We use diffusion models for the generation of skin lesions, which we have enhanced with various guiding strategies to give educators maximum flexibility in designing scenarios and seamlessly placing lesions on virtual agents. Additionally, we have developed a tool which comprises a graphical user interface (GUI) enabling the generation of new lesions and adapting existing ones using an intuitive and interactive inpainting strategy. The tool also offers a novel custom upsampling strategy to achieve a sufficient resolution required for diagnostic purposes. The generated skin lesions have been validated in a user study with trained dermatologists, confirming the overall high quality of the generated lesions and the utility for educational purposes.",10.1145/3708359.3712101,https://doi-org.ez24.periodicos.capes.gov.br/10.1145/3708359.3712101,"New York, NY, USA",Association for Computing Machinery,9798400713064,2025,Interactive High-Quality Skin Lesion Generation using Diffusion Models for VR-based Dermatological Education,"Pielage, Leon and Schmidle, Paul and Marschall, Bernhard and Risse, Benjamin",inproceedings,10.1145/3708359.3712101,878–897,,,,,,,
WWW '24,"Singapore, Singapore","diffusion models, federated learning, generative ai, heterogeneous data",10,,Companion Proceedings of the ACM Web Conference 2024,"Generative AI has made impressive strides in enabling users to create diverse and realistic visual content such as images, videos, and audio. However, training generative models on large centralized datasets can pose challenges in terms of data privacy, security, and accessibility. Federated learning (FL) is an approach that uses decentralized techniques to collaboratively train a shared deep learning model while retaining the training data on individual edge devices to preserve data privacy. This paper proposes a novel method for training a Denoising Diffusion Probabilistic Model (DDPM) across multiple data sources using FL techniques. Diffusion models, a newly emerging generative model, show promising results in achieving superior quality images than Generative Adversarial Networks (GANs). Our proposed method Phoenix is an unconditional diffusion model that leverages strategies to improve the data diversity of generated samples even when trained on data with statistical heterogeneity or Non-IID (Non-Independent and Identically Distributed) data. We demonstrate how our approach outperforms the default diffusion model in a FL setting. These results indicate that high-quality samples can be generated by maintaining data diversity, preserving privacy, and reducing communication between data sources, offering exciting new possibilities in the field of generative AI.",10.1145/3589335.3651935,https://doi-org.ez24.periodicos.capes.gov.br/10.1145/3589335.3651935,"New York, NY, USA",Association for Computing Machinery,9798400701726,2024,Phoenix: A Federated Generative Diffusion Model,"Stanley Jothiraj, Fiona Victoria and Mashhadi, Afra",inproceedings,10.1145/3589335.3651935,1568–1577,,,,,,,
WDC '25,"Hanoi, Vietnam","Biometrics, Deepfake, Fingerprint Spoofing, Generative AI",8,,Proceedings of the 4th Workshop on Security Implications of Deepfakes and Cheapfakes,"Fingerprint biometrics are extensively used for identification and security, from border control to consumer electronics. The permanence of fingerprints means security breaches can have lasting impacts. Traditionally, organizations store only fingerprint templates to mitigate the risks associated with stolen fingerprint images. However, advances in generative artificial intelligence (GenAI), particularly deepfake technologies, now enable adversaries to generate fingerprints from stolen templates, increasing the threat of data breaches.In this paper, we demonstrate and validate a previously theorized threat by evaluating an end-to-end attack in the physical world. Our approach involves: (1) generating fingerprint images from unseen templates, (2) fabricating silicone replicas of these deepfake fingerprints using a 3D resin printer, and (3) successfully deceiving fingerprint scanners with the replicas. The entire lab setup cost only $440 USD and only 7 cents to replicate each fingerprint thereafter, highlighting the attack's practicality.To support reproducibility and encourage the development of defenses, we publicly release our deepfake fingerprint pipeline.",10.1145/3709022.3736542,https://doi-org.ez24.periodicos.capes.gov.br/10.1145/3709022.3736542,"New York, NY, USA",Association for Computing Machinery,9798400714191,2025,The Threat of Deepfake Fingerprints,"Hacmon, Yaniv and Gorelik, Keren and Mirsky, Yisroel",inproceedings,10.1145/3709022.3736542,1–8,,,,,,,
CHI '25,,"Music Video, AI Artists, Mise-en-sc\`{e}ne, Text-to-Video, Prompt Support, Generative AI, Creativity Support Tools, Collaboration",21,764,Proceedings of the 2025 CHI Conference on Human Factors in Computing Systems,"Music videos have traditionally been the domain of experts, but with text-to-video generative AI models, AI artists can now create them more easily. However, accurately reflecting the desired music-visual mise-en-sc\`{e}ne remains challenging without specialized knowledge, highlighting the need for supportive tools. To address this, we conducted a design workshop with seven music video experts, identified design goals, and developed MVPrompt—a tool for generating music-visual mise-en-sc\`{e}ne prompts. In a user study with 24 AI artists, MVPrompt outperformed the Baseline, effectively supporting the collaborative creative process. Specifically, the Visual Theme stage facilitated the exploration of tone and manner, while the Visual Scene \&amp; Grammar stage refined prompts with detailed mise-en-sc\`{e}ne elements. By enabling AI artists to specify mise-en-sc\`{e}ne creatively, MVPrompt enhances the experience of making music video scenes with text-to-video generative AI.",10.1145/3706598.3713876,https://doi-org.ez24.periodicos.capes.gov.br/10.1145/3706598.3713876,"New York, NY, USA",Association for Computing Machinery,9798400713941,2025,MVPrompt: Building Music-Visual Prompts for AI Artists to Craft Music Video Mise-en-sc\`{e}ne,"Lee, ChungHa and Lee, DaeHo and Hong, Jin-Hyuk",inproceedings,10.1145/3706598.3713876,,,,,,,,
DIS '24 Companion,"IT University of Copenhagen, Denmark","Co-creation, Conversation Games, Generative AI, Intimacy, Personalization, World-building",5,,Companion Publication of the 2024 ACM Designing Interactive Systems Conference,"This demonstration presents Closer Worlds, a 2-player digital game designed to facilitate intimate conversation through the magic of collaborative world-building. Players take turns responding to context-aware introspective questions generated by AI (GPT-4) and collaboratively generate images (DALL-E 2) of a personalized world they can imagine sharing. In this iteration, we contribute a novel method for fostering personal storytelling within a play system by using a large language model (LLM) to create customized questions that are responsive to players’ intentions, memories, and values. We present reflections from early play tests and our design process, which suggest a role for generative AI that empowers emotion-rich human dialogue and encourages intimacy.",10.1145/3656156.3665430,https://doi-org.ez24.periodicos.capes.gov.br/10.1145/3656156.3665430,"New York, NY, USA",Association for Computing Machinery,9798400706325,2024,Closer and Closer Worlds: Using LLMs to Surface Personal Stories in World-building Conversation Games,"Lee, Cassandra and Mindel, Jessica R",inproceedings,10.1145/3656156.3665430,289–293,,,,,,,
HRI '23,"Stockholm, Sweden","creative ai, design research, generative ai, human-robot interaction, ideation, sociotechnical imaginaries, text-to-image models",11,,Companion of the 2023 ACM/IEEE International Conference on Human-Robot Interaction,"Design fixation, a phenomenon describing designers' adherence to pre-existing ideas or concepts that constrain design outcomes, is particularly prevalent in human-robot interaction (HRI), for example, due to collectively held and stabilised imaginations of what a robot should look like or behave. In this paper, we explore the contribution of creative AI tools to overcome design fixation and enhance creative processes in HRI design. In a four weeks long design exploration, we used generative text-to-image models to ideate and visualise robotic artefacts and robot sociotechnical imaginaries. We exchanged results along with reflections through a digital postcard format. We demonstrate the usefulness of our approach to imagining novel robot concepts, surfacing existing assumptions and robot stereotypes, and situating robotic artefacts in context. We discuss the contribution to designerly HRI practices and conclude with lessons learnt for using creative AI tools as an emerging design practice in HRI research and beyond.",10.1145/3568294.3580035,https://doi-org.ez24.periodicos.capes.gov.br/10.1145/3568294.3580035,"New York, NY, USA",Association for Computing Machinery,9781450399708,2023,Creative AI for HRI Design Explorations,"Hoggenmueller, Marius and Lupetti, Maria Luce and van der Maden, Willem and Grace, Kazjon",inproceedings,10.1145/3568294.3580035,40–50,,,,,,,
,,"3D Design Feedback, Reference Images, Tools for Asynchronous Design Collaborations, Applications of Generative AI and Vision-Language Foundation Models",41,67,,"Providing asynchronous feedback is a critical step in the 3D design workflow. A common approach to providing feedback is to pair textual comments with companion reference images, which helps illustrate the gist of text. Ideally, feedback providers should possess 3D and image editing skills to create reference images that can effectively describe what they have in mind. However, they often lack such skills, so they have to resort to sketches or online images that might not match well with the current 3D design. To address this, we introduce MemoVis, a text editor interface that assists feedback providers in creating reference images with generative AI driven by the feedback comments. First, a novel real-time viewpoint suggestion feature, based on a vision-language foundation model, helps feedback providers anchor a comment with a camera viewpoint. Second, given a camera viewpoint, we introduce three types of image modifiers based on pre-trained 2D generative models to turn a text comment into an updated version of the 3D scene from that viewpoint. We conducted a within-subjects study with  (14) feedback providers, demonstrating the effectiveness of MemoVis. The quality and explicitness of the companion images were evaluated by another eight participants with prior 3D design experience.",10.1145/3694681,https://doi-org.ez24.periodicos.capes.gov.br/10.1145/3694681,"New York, NY, USA",Association for Computing Machinery,,2024,MemoVis: A GenAI-Powered Tool for Creating Companion Reference Images for 3D Design Feedback,"Chen, Chen and Nguyen, Cuong and Groueix, Thibault and Kim, Vladimir G. and Weibel, Nadir",article,10.1145/3694681,,November,ACM Trans. Comput.-Hum. Interact.,1073-0516,5,31,October 2024,
CHI '25,,"Color-concept association, Visual design, Generative AI",19,544,Proceedings of the 2025 CHI Conference on Human Factors in Computing Systems,"Existing approaches for color-concept association typically rely on query-based image referencing, and color extraction from image references. However, these approaches are effective only for common concepts, and are vulnerable to unstable image referencing and varying image conditions. Our formative study with designers underscores the need for primary-accent color compositions and context-dependent colors (e.g., ‘clear’ vs.‘polluted’ sky) in design. In response, we introduce a generative approach for mining semantically resonant colors leveraging images generated by text-to-image models. Our insight is that contemporary text-to-image models can resemble visual patterns from large-scale real-world data. The framework comprises three stages: concept instancing produces generative samples using diffusion models, text-guided image segmentation identifies concept-relevant regions within the image, and color association extracts primary accompanied by accent colors. Quantitative comparisons with expert designs validate our approach’s effectiveness, and we demonstrate the applicability through cases in various design scenarios and a gallery.",10.1145/3706598.3713418,https://doi-org.ez24.periodicos.capes.gov.br/10.1145/3706598.3713418,"New York, NY, USA",Association for Computing Machinery,9798400713941,2025,GenColor: Generative Color-Concept Association in Visual Design,"Hou, Yihan and Zeng, Xingchen and Wang, Yusong and Yang, Manling and Chen, Xiaojiao and Zeng, Wei",inproceedings,10.1145/3706598.3713418,,,,,,,,
,,,6,,Proceedings of the 2025 International Conference on Artificial Intelligence and Computational Intelligence,"Digital accessibility is essential for the equitable dissemination of content; however, certain EPUB files fail to adhere to fundamental accessibility standards, particularly in the provision of alternate text (alt text) for images. Alt text is indispensable for visually impaired individuals to understand visual content through assistive technologies. Nonetheless, the manual generation of high-quality alt text at scale continues to pose a considerable difficulty because of the requisite skill and time involved.This paper introduces AltGen, a framework utilizing generative AI to automate the development of alt text for EPUB files. AltGen uses pre-trained transformer models to provide descriptive and contextually pertinent alt text. It employs a structured process encompassing data extraction, visual content analysis with computer vision models (e.g., CLIP, ViT), and context-sensitive text generation utilizing fine-tuned large language models. The produced alt-text is assessed by computational measures, including cosine similarity and BLEU scores, and qualitative input from visually challenged individuals. Experimental findings demonstrate that AltGen lowers accessibility errors by 97.5\%, with participants noting substantial enhancements in content understanding and usability.",,https://doi-org.ez24.periodicos.capes.gov.br/10.1145/3730436.3730449,"New York, NY, USA",Association for Computing Machinery,9798400713637,2025,AltGen: AI-Driven Alt Text Generation for Enhancing EPUB Accessibility,"Shen, Yixian and Zhang, Hang and Shen, Yanxin and Wang, Lun and Shi, Chuanqi and Du, Shaoshuai and Tao, Yiyi",inbook,10.1145/3730436.3730449,78–83,,,,,,,
MODELS Companion '24,"Linz, Austria","low-code development platforms, no-code, generative AI, prompt engineering, modularization",10,,Proceedings of the ACM/IEEE 27th International Conference on Model Driven Engineering Languages and Systems,"This paper introduces a no-code platform for modular prompt engineering, designed to democratize access to generative AI for nondevelopers. By integrating advanced technologies such as Node.js, Express, MongoDB, and Azure OpenAI services, the platform provides a robust and flexible environment for creating and managing AI-driven tasks. The intuitive frontend, built with React and TypeScript, enables users with minimal coding expertise to design, execute, and evaluate complex AI workflows. A key feature of the platform is its extensible plugin system, which allows users to easily incorporate additional functionalities to meet their specific needs. This no-code approach empowers a broader audience to harness the power of generative AI, fostering innovation and enabling diverse applications across various fields. By lowering the technical barriers, the platform paves the way for widespread adoption of AI technologies, driving the future of AI-enhanced solutions.",10.1145/3652620.3688336,https://doi-org.ez24.periodicos.capes.gov.br/10.1145/3652620.3688336,"New York, NY, USA",Association for Computing Machinery,9798400706226,2024,PromptDeck: A No-Code Platform for Modular Prompt Engineering,"Bucchiarone, Antonio and Panciera, Marco and Cicchetti, Antonio and Mana, Nadia and Castelluccio, Carlotta and Stott, Lee",inproceedings,10.1145/3652620.3688336,895–904,,,,,,,
MRAC '24,"Melbourne VIC, Australia","affective computing, generative ai, human computer interaction",6,,Proceedings of the 2nd International Workshop on Multimodal and Responsible Affective Computing,"With the rapid advancements in multimodal generative technology, Affective Computing research has provoked discussion about the potential consequences of AI systems equipped with emotional intelligence. Affective Computing involves the design, evaluation, and implementation of Emotion AI and related technologies aimed at improving people's lives. Designing a computational model in affective computing requires vast amounts of multimodal data, including RGB images, video, audio, text, and physiological signals. Moreover, Affective Computing research is deeply engaged with ethical considerations at various stages'from training emotionally intelligent models on large-scale human data to deploying these models in specific applications. Fundamentally, the development of any AI system must prioritize its impact on humans, aiming to augment and enhance human abilities rather than replace them, while drawing inspiration from human intelligence in a safe and responsible manner. The MRAC 2024 Track 1 workshop seeks to extend these principles from controlled, small-scale lab environments to real-world, large-scale contexts, emphasizing responsible development. The workshop also aims to highlight the potential implications of generative technology, along with the ethical consequences of its use, to researchers and industry professionals. To the best of our knowledge, this is the first workshop series to comprehensively address the full spectrum of multimodal, generative affective computing from a responsible AI perspective, and this is the second iteration of this workshop. Webpage: https://react-ws.github.io/2024/",10.1145/3689092.3690042,https://doi-org.ez24.periodicos.capes.gov.br/10.1145/3689092.3690042,"New York, NY, USA",Association for Computing Machinery,9798400712036,2024,"MRAC Track 1: 2nd Workshop on Multimodal, Generative and Responsible Affective Computing","Ghosh, Shreya and Cai, Zhixi and Dhall, Abhinav and Kollias, Dimitrios and Goecke, Roland and Gedeon, Tom",inproceedings,10.1145/3689092.3690042,1–6,,,,,,,
CHI '25,,"Generative AI, Human-Centered AI, Concept Design, Creativity Support Tool, Visual Exploration",28,21,Proceedings of the 2025 CHI Conference on Human Factors in Computing Systems,"Concept designers in the entertainment industry create highly detailed, often imaginary environments for movies, games, and TV shows. Their early ideation phase requires intensive research, brainstorming, visual exploration, and combination of various design elements to form cohesive designs. However, existing AI tools focus on image generation from user specifications, lacking support for the unique needs and complexity of concept designers’ workflows. Through a formative study with 12 professional designers, we captured their workflows and identified key requirements for AI-assisted ideation tools. Leveraging these insights, we developed AIdeation to support early ideation by brainstorming design concepts with flexible searching and recombination of reference images. A user study with 16 professional designers showed that AIdeation significantly enhanced creativity, ideation efficiency, and satisfaction (all p&lt;.01) compared to current tools and workflows. A field study with 4 studios for 1 week provided insights into AIdeation’s benefits and limitations in real-world projects. After the completion of the field study, two studios, covering films, television, and games, have continued to use AIdeation in their commercial projects to date, further validating AIdeation’s improvement in ideation quality and efficiency.",10.1145/3706598.3714148,https://doi-org.ez24.periodicos.capes.gov.br/10.1145/3706598.3714148,"New York, NY, USA",Association for Computing Machinery,9798400713941,2025,AIdeation: Designing a Human-AI Collaborative Ideation System for Concept Designers,"Wang, Wen-Fan and Lu, Chien-Ting and Ponsa i Campany\`{a}, Nil and Chen, Bing-Yu and Chen, Mike Y.",inproceedings,10.1145/3706598.3714148,,,,,,,,
PEARC '24,"Providence, RI, USA","Generative AI, Interactive Learning, Kubernetes, Media Arts, Open OnDemand, Stable Diffusion",8,34,Practice and Experience in Advanced Research Computing 2024: Human Powered Computing,"This paper explores the deployment of Stable Diffusion instances in educational settings, particularly focusing on addressing resource allocation challenges in the context of interactive GPU-enabled machine learning (ML) workloads. Traditional approaches to providing GPU resources in High-Performance Computing (HPC) environments often involve assigning a full GPU to each user, which can be cost-prohibitive and inefficient for students in a classroom. To overcome this limitation, we deploy with a novel solution leveraging Kubernetes (k8s) and GPU sharing through Open OnDemand, a platform for accessing HPC resources via web interfaces. Our innovative approach demonstrates the feasibility and effectiveness of employing Kubernetes and Open OnDemand to deploy interactive GPU-enabled ML workloads in classroom environments.",10.1145/3626203.3670526,https://doi-org.ez24.periodicos.capes.gov.br/10.1145/3626203.3670526,"New York, NY, USA",Association for Computing Machinery,9798400704192,2024,Stable Diffusion in the Classroom: Deploying interactive GPU-enabled ML workloads with Open OnDemand and Kubernetes,"Jaffe, Evan and Na, Heechang and Johnson, Douglas and Dockendorf, Trey and Masri Zada, Basil",inproceedings,10.1145/3626203.3670526,,,,,,,,
RESPECT 2024,"Atlanta, GA, USA","ai literacy, ai pedagogy, computing education, equity, generative ai, human-centered ai, technology ethics",8,,Proceedings of the 2024 on RESPECT Annual Conference,"The increasing usage of AI in high-stakes decision-making underscores a pressing need for various stakeholders to understand AI, learn how to identify AI-generated content, and become aware of its societal risks. We detail outcomes from engaging underrepresented secondary school students in a 5-day workshop series consisting of brief lectures, hands-on activities, and short research assignments. We find that the workshop improved students' knowledge about AI and the ethical implications of using these technologies. Our work highlights policy implications and outlines actionable efforts needed to advance AI literacy, with the workshop content being developed into an open-source AI literacy curriculum.",10.1145/3653666.3656075,https://doi-org.ez24.periodicos.capes.gov.br/10.1145/3653666.3656075,"New York, NY, USA",Association for Computing Machinery,9798400706264,2024,Beyond AI Hype: A Hands-on Workshop Series for Enhancing AI Literacy in Middle and High School Students,"Okolo, Chinasa T.",inproceedings,10.1145/3653666.3656075,86–93,,,,,,,
CHI '25,,"Multimodal Agents, Sustainability Awareness, Generative AI, In-Game Action",29,1044,Proceedings of the 2025 CHI Conference on Human Factors in Computing Systems,"Unsustainable behaviors are challenging to prevent due to their long-term, often unclear consequences. Serious games offer a promising solution by creating artificial environments where players can immediately experience the outcomes of their actions. To explore this potential, we developed EcoEcho, a GenAI-powered game leveraging multimodal agents to raise sustainability awareness. These agents engage players in natural conversations, prompting them to take in-game actions that lead to visible environmental impacts. We evaluated EcoEcho using a mixed-methods approach with 23 participants. Results show a significant increase in intended sustainable behaviors post-game, although attitudes towards sustainability had only marginal effects, suggesting that in-game actions likely can motivate intended real world behaviors despite similar opinions on sustainability. This finding highlights multimodal agents and action-consequence mechanics to effectively raising sustainability awareness and the potential of motivating real-world behavioral change.",10.1145/3706598.3713661,https://doi-org.ez24.periodicos.capes.gov.br/10.1145/3706598.3713661,"New York, NY, USA",Association for Computing Machinery,9798400713941,2025,Can AI Prompt Humans? Multimodal Agents Prompt Players? Game Actions and Show Consequences to Raise Sustainability Awareness,"Zhang, Qinshi and Wen, Ruoyu and Hendra, Latisha Besariani and Ding, Zijian and LC, Ray",inproceedings,10.1145/3706598.3713661,,,,,,,,
,,"generative AI, narrative, non-cognitive skill, social life simulation",44,CSCW170,,"Non-cognitive skills are crucial for personal and social life well-being, and such skill development can be supported by narrative-based (e.g., storytelling) technologies. While generative AI enables interactive and role-playing storytelling, little is known about how users engage with and perceive the use of AI in social life simulation for non-cognitive skills learning. Additionally, the benefits of AI mentorship on self-reflection awareness and ability in this context remain largely underexplored. To this end, we introduced Simulife++, an interactive platform enabled by a large language model (LLM). The system allows users to act as protagonists, creating stories with one or multiple AI-based characters in diverse social scenarios. In particular, we expanded the Human-AI interaction to a Human-AI-AI collaboration by including a Sage Agent, who acts as a bystander, providing users with some perspectives and guidance on their choices and conversations in terms of non-cognitive skills to promote reflection. In a within-subject user study, our quantitative results reveal that, when accompanied by Sage Agent, users exhibit significantly higher levels of reflection on motivation, self-perceptions, and resilience \&amp; coping, along with an enhanced experience of narrative transportation. Additionally, our qualitative findings suggest that Sage Agent plays a crucial role in promoting reflection on non-cognitive skills, enhancing social communication and decision-making performance, and improving overall user experience within Simulife++. Multiple supportive relationships between Sage Agent and users were also reported. We offer design implications for the application of generative AI in narrative solutions and the future potential of Sage Agent for non-cognitive skill development in broader social contexts. Our quantitative data and code are released at https://github.com/yzihan/Simulife.",10.1145/3711068,https://doi-org.ez24.periodicos.capes.gov.br/10.1145/3711068,"New York, NY, USA",Association for Computing Machinery,,2025,Social Life Simulation for Non-Cognitive Skills Learning,"Yan, Zihan and Xiang, Yaohong",article,10.1145/3711068,,May,Proc. ACM Hum.-Comput. Interact.,,2,9,May 2025,
BCS HCI '25,"Cardiff University, UK","Generative AI, Human-AI Interaction, Postcolonial Computing, Critical AI, Design Manifesto",6,,Proceedings of the 38th International BCS Human-Computer Interaction Conference,"We intend to publicize a digital archive Sultan After AI in a form of a hybrid, interactive exhibition at this conference. This archive results from a month-long Human-AI interaction eperiment, in which we tried to reproduce select artworks by a Bangladeshi artist through systematic prompting techniques using a T2I AI tool. Through the exhibition, we intend to spark thought-provoking conversations around how current HCI research around AI art-making practices marginalizes Global South perspectives. The exhibition audience will be able to access a digital form where they can share their thoughts and critical reflections, and comment on their overall experience, as well as suggest way-forwards towards decolonial design-thinking. Building upon these shared perspectives and collective efforts, we plan to eventually develop a design manifesto around AI art. Our contribution aims to re-imagine plural, inclusive futures in AI, by not ‘othering’, but embracing subaltern imaginations of marginalized groups who are systematically excluded form positions of power and influence in postcolonial societies.",10.14236/ewic/BCSHCI2025.29,https://doi-org.ez24.periodicos.capes.gov.br/10.14236/ewic/BCSHCI2025.29,"Swindon, GBR",BCS Learning \&amp; Development Ltd,,2025,Subaltern Futures in AI,"Safir, Abdullah Hasan and Hollanek, Tomasz and Blackwell, Alan F. and Debnath, Ramit",inproceedings,10.14236/ewic/BCSHCI2025.29,298–303,,,,,,,
UIST '23,"San Francisco, CA, USA","Creativity Support Tool, Cross-modality, Generative AI, Graph",15,48,Proceedings of the 36th Annual ACM Symposium on User Interface Software and Technology,"Creativity Support Tools (CSTs) aid in the efficient and effective composition of creative content, such as picture books. However, many existing CSTs only allow for mono-modal creation, whereas previous studies have become theoretically and technically mature to support multi-modal innovative creations. To overcome this limitation, we introduce XCreation, a novel CST that leverages generative AI to support cross-modal storybook creation. Nevertheless, directly deploying AI models to CSTs can still be problematic as they are mostly black-box architectures that are not comprehensible to human users. Therefore, we integrate an interpretable entity-relation graph to intuitively represent picture elements and their relations, improving the usability of the underlying generative structures. Our between-subject user study demonstrates that XCreation supports continuous plot creation with increased creativity, controllability, usability, and interpretability. XCreation is applicable to various scenarios, including interactive storytelling and picture book creation, thanks to its multimodal nature.",10.1145/3586183.3606826,https://doi-org.ez24.periodicos.capes.gov.br/10.1145/3586183.3606826,"New York, NY, USA",Association for Computing Machinery,9798400701320,2023,XCreation: A Graph-based Crossmodal Generative Creativity Support Tool,"Yan, Zihan and Yang, Chunxu and Liang, Qihao and Chen, Xiang 'Anthony'",inproceedings,10.1145/3586183.3606826,,,,,,,,
DIS '25,,"Interactive Narrative Visualization, Conversational User Interface, Generative AI, Children-Made Drawings, Environmental Education",17,,Proceedings of the 2025 ACM Designing Interactive Systems Conference,"Marine ecosystems are vital for human survival and the well-being of our planet. Educating children about marine conservation and environmental preservation is essential for fostering future generations that value and adopt sustainable practices, particularly in fragile ecosystems like the Mar Menor, a coastal saltwater lagoon in Spain severely affected by climatic and anthropogenic pressures. To enhance engagement in learning about the lagoon’s ecosystem and challenges, we developed an interactive system that integrates children’s drawings into a narrative visualization, combined with a conversational interface powered by generative AI. We conducted an evaluation with 52 children aged 10-12, where the system was framed in an environmental education activity. Results demonstrated a 33.3\% increase in children’s understanding of the lagoon’s critical condition and a 23.1\% improvement in their awareness of key contributing factors, particularly climate change. Additionally, the activity fostered curiosity about the lagoon, concern for its situation, and attitude toward conservation efforts.",10.1145/3715336.3735722,https://doi-org.ez24.periodicos.capes.gov.br/10.1145/3715336.3735722,"New York, NY, USA",Association for Computing Machinery,9798400714856,2025,From Drawings to Awareness: Exploring Narrative Visualization and AI to Teach Children About the Fragile Ecosystem of the Mar Menor Lagoon,"Tumedei, Gianni and Ceccarini, Chiara and Jimenez Navarro, Inmaculada Concepci\'{o}n and Prandi, Catia",inproceedings,10.1145/3715336.3735722,2684–2700,,,,,,,
,,,5,,Proceedings of the 2nd International Conference on Intelligent Education and Computer Technology,"As a key carrier for the integrated application of a new generation of digital technologies, the metaverse is reconfiguring the organization and interaction of education. However, the current educational meta-universe is still facing three outstanding problems: the inefficiency of teaching content generation; the insufficient ability of interactive intelligence and contextual adaptation; and the cognitive fault between the virtual and the real. Artificial Intelligence Generated Content is becoming the key kinetic energy to break through these bottlenecks by virtue of its technological advantages in multimodal generation of text, image, audio and video. In this paper, we systematically sort out the typical application practices of AIGC in the educational meta-universe, and build a synergistic development path of ``technology-driven-teaching reconstruction-governance-guided” by focusing on the three major directions of intelligent content production, immersive teaching and learning interaction, and synergistic educational ecology. The study points out that AIGC is accelerating the transformation process of education from ``resource digitization” to ``eco-intelligence”, providing important support for the realization of high-quality education equity and personalized learning.",,https://doi-org.ez24.periodicos.capes.gov.br/10.1145/3764206.3764216,"New York, NY, USA",Association for Computing Machinery,9798400714306,2025,Artificial Intelligence Generated Content Enabling Education Meta-Universe: Development Status and Path Optimization,"Liu, Xin and Jiang, Xinyi",inbook,10.1145/3764206.3764216,65–69,,,,,,,
,,"accessibility, audio description, generative AI",28,18,,"Audio description (AD) narrates important visual details which are played during dialogue gaps in video soundtracks, making them accessible to blind and low vision (BLV) audiences. AD professionals (producers, writers, narrators, mixers, and quality control specialists) possess expert knowledge of AD development and the constraints that affect their work. However, their perspectives remain largely absent in AD research. We present interviews with 17 AD professionals (8 BLV), detailing their workflows to produce AD for recorded media and live theater. We additionally explore their perspectives on recent changes impacting their work, revealing tensions between advocacy for culturally competent AD and the rise of automations—some beneficial, others with concerning implications for AD quality. Highlighting these tensions, we offer research directions to support AD professionals, and we pose guiding questions for AD and AI innovators on preserving the high-quality human touch professionals consider fundamental to the accessibility provision.",10.1145/3777475,https://doi-org.ez24.periodicos.capes.gov.br/10.1145/3777475,"New York, NY, USA",Association for Computing Machinery,,2025,"“Made by People, Described by People”: The Changing Work Practices of Audio Description Professionals","Bennett, Cynthia L. and Pavel, Amy and Bryant, Aidan and McCarthy Eberly, Laura J. and Shelby, Renee and Kane, Shaun K.",article,10.1145/3777475,,December,ACM Trans. Access. Comput.,1936-7228,4,18,December 2025,
KUI '25,,"Remix studies, audiovisual heritage, digital humanities, generative ai",10,2,Proceedings of the 22nd International Conference on Culture and Computer Science: Remixing Analog and Digital,"The aim of this research was to generate reimagined versions of two works that recently entered the public domain: the film Un Chien Andalou (1929) by Luis Bu\~{n}uel and Salvador Dal\'{\i}, and the musical composition Rhapsody in Blue by G. Gershwin (1924), using multimodal generative artificial intelligence, image-to-video diffusion models, and musical reinterpretation to integrate them into a short film with the intention of breathing new life into these cultural products and promoting their appreciation by new generations based on an approach to creative management of audiovisual heritage, remix studies, and digital humanities. A qualitative, exploratory approach was used, with a transdisciplinary orientation based on the critical and creative interpretation of audiovisual heritage. The research was exploratory and applied in nature. The methodological design was non-experimental and cross-sectional, as no variables were manipulated under controlled conditions. The cultural creation process was documented and analysed as it developed over a defined period of time, emphasizing the methodological, technological and aesthetic decisions involved. Aesthetic transformation was one of the most notable and significant achievements of this project, together with the conservation and expansion of the symbolic dimension of the works. The theoretical-practical articulation of this research made it clear that the intersection between Digital Humanities, Remix Studies and Audiovisual Heritage Management is more than a conceptual proposal, as it can materialize in cultural products that have a real impact and can be replicated. The research demonstrated that the reimagining of works in the public domain through multimodal generative artificial intelligence can be a viable, creative strategy with high potential for fostering processes of cultural resignification.",10.1145/3769526.3769642,https://doi-org.ez24.periodicos.capes.gov.br/10.1145/3769526.3769642,"New York, NY, USA",Association for Computing Machinery,9798400714788,2025,"Bu\~{n}uel, Dal\'{\i} and Gershwin in digital remix: Reimagining and integrating the works Un Chien Andalou and Rhapsody in Blue using generative artificial intelligence","Moreno-Nava, Ignacio",inproceedings,10.1145/3769526.3769642,,,,,,,,
DIS '25,,"GenUI, Generative AI, User Experience Design, Diary Study",18,,Proceedings of the 2025 ACM Designing Interactive Systems Conference,"AI can now generate high-fidelity UI mock-up screens from a high-level textual description, promising to support UX practitioners’ work. However, it remains unclear how UX practitioners would adopt such Generative UI (GenUI) models in a way that is integral and beneficial to their work. To answer this question, we conducted a formative study with 37 UX-related professionals that consisted of four roles: UX designers, UX researchers, software engineers, and product managers. Using a state-of-the-art GenUI tool, each participant went through a week-long, individual mini-project exercise with role-specific tasks, keeping a daily journal of their usage and experiences with GenUI, followed by a semi-structured interview. We report findings on participants’ workflow using the GenUI tool, how GenUI can support all and each specific roles, and existing gaps between GenUI and users’ needs and expectations, which lead to design implications to inform future work on GenUI development.",10.1145/3715336.3735780,https://doi-org.ez24.periodicos.capes.gov.br/10.1145/3715336.3735780,"New York, NY, USA",Association for Computing Machinery,9798400714856,2025,The GenUI Study: Exploring the Design of Generative UI Tools to Support UX Practitioners and Beyond,"Chen, Xiang 'Anthony and Knearem, Tiffany and Li, Yang",inproceedings,10.1145/3715336.3735780,1179–1196,,,,,,,
DIS '25,,"LLMs, GenAI, education, prototyping, user-centered design, ethics",16,,Proceedings of the 2025 ACM Designing Interactive Systems Conference,"Generative Artificial Intelligence (GenAI) is transforming Human-Computer Interaction (HCI) education and technology design, yet its impact remains poorly understood. This study explores how graduate students in an applied HCI course used GenAI tools during interactive device design. Despite no encouragement, all groups integrated GenAI into their workflows. Through 12 post-class group interviews, we identified how GenAI co-design behaviors present both benefits—such as enhanced creativity and faster design iterations—and risks, including shallow learning and reflection. Benefits were most evident during the execution phases, while the discovery and reflection phases showed limited gains. A taxonomy of usage patterns revealed that students’ outcomes depended more on how they used GenAI than the specific tasks performed. These findings highlight the need for HCI education to adapt to GenAI’s role and offer recommendations for curricula to better prepare future designers for effective creative co-design.",10.1145/3715336.3735805,https://doi-org.ez24.periodicos.capes.gov.br/10.1145/3715336.3735805,"New York, NY, USA",Association for Computing Machinery,9798400714856,2025,Co-Designing with Transformers: Unpacking the Complex Role of GenAI in Interactive System Design Education,"Sandhaus, Hauke and Gu, Qiuquan and Parreira, Maria Teresa and Ju, Wendy",inproceedings,10.1145/3715336.3735805,1228–1243,,,,,,,
,,"Interactive design, User interface, Large language models, Image generation, Design intent clarification, Intent-design alignment, Automated prototype generation",45,5,,"In automated UI design generation, a key challenge is the lack of support for iterative processes, as most systems focus solely on end-to-end output. This stems from limited capabilities in interpreting design intent and a lack of transparency for refining intermediate results. To better understand these challenges, we conducted a formative study that identified concrete and actionable requirements for supporting iterative design with Generative Tools. Guided by these findings, we propose PrototypeFlow, a human-centered system for automated UI generation that leverages multi-modal inputs and models. PrototypeFlow takes natural language descriptions and layout preferences as input to generate the high-fidelity UI design. At its core is a theme design module that clarifies implicit design intent through prompt enhancement and orchestrates sub-modules for component-level generation. Designers retain full control over inputs, intermediate results, and final prototypes, enabling flexible and targeted refinement by steering generation and directly editing outputs. Our experiments and user studies confirmed the effectiveness and usefulness of our proposed PrototypeFlow.",10.1145/3773035,https://doi-org.ez24.periodicos.capes.gov.br/10.1145/3773035,"New York, NY, USA",Association for Computing Machinery,,2026,Towards Human–AI Synergy in UI Design: Supporting Iterative Generation with LLMs,"Yuan, Mingyue and Chen, Jieshan and Hu, Yongquan and Feng, Sidong and Xie, Mulong and Mohammadi, Gelareh and Xing, Zhenchang and Quigley, Aaron",article,10.1145/3773035,,February,ACM Trans. Comput.-Hum. Interact.,1073-0516,1,33,February 2026,
C&amp;C '23,"Virtual Event, USA","AI art, Artists using AI, Text-to-Image models",13,,Proceedings of the 15th Conference on Creativity and Cognition,"This paper examines the art practices, artwork, and motivations of prolific users of the latest generation of text-to-image models. Through interviews, observations, and a user survey, we present a sampling of the artistic styles and describe the developed community of practice around generative AI. We find that: 1) artists hold the text prompt and the resulting image can be considered collectively as a form of artistic expression (prompts as art), and 2) prompt templates (prompts with “slots” for others to fill in with their own words) are developed to create generative art styles. We discover that the value placed by this community on unique outputs leads to artists seeking specialized vocabulary to produce distinctive art pieces (e.g., by reading architectural blogs to find phrases to describe images). We also find that some artists use “glitches” in the model that can be turned into artistic styles of their own right. From these findings, we outline specific implications for design regarding future prompting and image editing options.",10.1145/3591196.3593515,https://doi-org.ez24.periodicos.capes.gov.br/10.1145/3591196.3593515,"New York, NY, USA",Association for Computing Machinery,9798400701801,2023,The Prompt Artists,"Chang, Minsuk and Druga, Stefania and Fiannaca, Alexander J. and Vergani, Pedro and Kulkarni, Chinmay and Cai, Carrie J and Terry, Michael",inproceedings,10.1145/3591196.3593515,75–87,,,,,,,
MM '25,"Dublin, Ireland",,10,,Proceedings of the 33rd ACM International Conference on Multimedia,"The versatility of diffusion models in generating customized images from few samples raises significant privacy concerns, particularly regarding unauthorized modifications of private content. This concerning issue has renewed the efforts in developing protection mechanisms based on adversarial attacks, which generate effective perturbations to poison diffusion models. Our work is motivated by the observation that these models exhibit a high degree of abstraction within their semantic latent space (termed 'h-space'), which encodes critical high-level features for generating coherent and meaningful content. In this paper, we propose a novel anti-customization approach, called HAAD ( h -space based Adversarial Attack for Diffusion models), that leverages adversarial attacks to craft perturbations based on the h-space that can efficiently degrade the image generation process. Building upon HAAD, we further introduce a more efficient variant, HAAD-KV, that constructs perturbations solely based on the KV parameters of the h-space. This strategy offers a stronger protection, that is computationally less expensive. Despite their simplicity, our methods outperform state-of-the-art adversarial attacks, highlighting their effectiveness.",10.1145/3746027.3755659,https://doi-org.ez24.periodicos.capes.gov.br/10.1145/3746027.3755659,"New York, NY, USA",Association for Computing Machinery,9798400720352,2025,An h-space Based Adversarial Attack for Protection Against Few-shot Personalization,"Xu, Xide and Kamath, Sandesh and Butt, Muhammad Atif and Raducanu, Bogdan",inproceedings,10.1145/3746027.3755659,4904–4913,,,,,,,
SA '24,"Tokyo, Japan","Diffusion model, Image generation, Painting process",10,18,SIGGRAPH Asia 2024 Conference Papers,"The painting process of artists is inherently stepwise and varies significantly among different painters and styles. Generating detailed, step-by-step painting processes is essential for art education and research, yet remains largely underexplored. Traditional stroke-based rendering methods break down images into sequences of brushstrokes, yet they fall short of replicating the authentic processes of artists, with limitations confined to basic brushstroke modifications. Text-to-image models utilizing diffusion processes generate images through iterative denoising, also diverge substantially from artists’ painting process. To address these challenges, we introduce ProcessPainter, a text-to-video model that is initially pre-trained on synthetic data and subsequently fine-tuned with a select set of artists’ painting sequences using the LoRA model. This approach successfully generates painting processes from text prompts for the first time. Furthermore, we introduce an Artwork Replication Network capable of accepting arbitrary-frame input, which facilitates the controlled generation of painting processes, decomposing images into painting sequences, and completing semi-finished artworks. This paper offers new perspectives and tools for advancing art education and image generation technology. Our code is available at: .",10.1145/3680528.3687596,https://doi-org.ez24.periodicos.capes.gov.br/10.1145/3680528.3687596,"New York, NY, USA",Association for Computing Machinery,9798400711312,2024,ProcessPainter: Learning to draw from sequence data,"Song, Yiren and Huang, Shijie and Yao, Chen and Ci, Hai and Ye, Xiaojun and Liu, Jiaming and Zhang, Yuxuan and Shou, Mike Zheng",inproceedings,10.1145/3680528.3687596,,,,,,,,
UbiComp Companion '25,Finland,"personal informatics, generative ai, image, poem, well-being",7,,Companion of the 2025 ACM International Joint Conference on Pervasive and Ubiquitous Computing,"Personal informatics (PI) systems often rely on numerical feedback, which can feel impersonal and reduce user engagement. This study explores how metaphorical, AI-generated images and poems based on physiological data can promote self-reflection and emotional connection. We developed a PI system that transforms daily physiological data into visual and poetic representations designed to evoke curiosity and emotional resonance. In a 7-day user study, participants interacted with these personalized outputs. The content elicited emotions such as pride, calm, and guilt, encouraging users to reflect more deeply on their behaviors and experiences. Poems enhanced the interpretability of the images and supported meaning-making. The findings suggest that ambiguity, metaphor, and aesthetic richness can foster sustained engagement and deeper reflection, positioning PI systems as tools for emotional and personal exploration rather than solely for tracking performance.",10.1145/3714394.3756339,https://doi-org.ez24.periodicos.capes.gov.br/10.1145/3714394.3756339,"New York, NY, USA",Association for Computing Machinery,9798400714771,2026,BioCanvas: Dynamic Health Visualization through Daily AI-Generated Image and Poem,"Horikawa, Riko and Nakajima, Tatsuo",inproceedings,10.1145/3714394.3756339,1576–1582,,,,,,,
ASSETS '25,,"Generative Artificial Intelligence, Accessibility, Neurodivergence, Disability Studies, Qualitative Research",16,37,Proceedings of the 27th International ACM SIGACCESS Conference on Computers and Accessibility,"Recent advancements in generative AI (GenAI) leveraging large language models (LLMs) have led to scholarship on how they (e.g., ChatGPT) can help neurodivergent students create customized workarounds and refocus energy. In response to calls for countering ableist narratives of lessening burdens and challenging normative norms that favor neurotypical individuals in prior research, we use interviews (n = 19) to center neurodivergent higher-education students’ accounts related to the use, motivation, and vision for LLM-based GenAI tools in academia. While students found the tools helpful, their experiences revealed challenges with integration into tried-and-tested workflows, limited AI literacy support, experimentation, and flattening personality. Drawing on crip time, we illustrate how GenAI tools can reinforce the normative value of productivity, shifting the burden of access-making onto students themselves. We propose three design values, flexibility, adaptability, and self-authenticity, to reimagine GenAI as a partner rather than a tool prioritizing speed and self-sufficiency.",10.1145/3663547.3746329,https://doi-org.ez24.periodicos.capes.gov.br/10.1145/3663547.3746329,"New York, NY, USA",Association for Computing Machinery,9798400706769,2025,Rethinking Productivity with GenAI: A Neurodivergent Students' Perspective,"Jamshed, Hira and Naseem, Mustafa and Potluri, Venkatesh and Brewer, Robin N.",inproceedings,10.1145/3663547.3746329,,,,,,,,
MM '25,"Dublin, Ireland","advertising, artificial intelligence, large language models, marketing, strategy",10,,Proceedings of the 33rd ACM International Conference on Multimedia,"The future of digital marketing lies in the convergence of human creativity and generative AI, where insight, strategy, and storytelling are co-authored by intelligent systems. We present MindFuse, a brave new explainable generative AI framework designed to act as a strategic partner in the marketing process. Unlike conventional LLM applications that stop at content generation, MindFuse fuses CTR-based content AI-guided co-creation with large language models to extract, interpret, and iterate on communication narratives grounded in real advertising data. MindFuse operates across the full marketing lifecycle: from distilling content pillars and customer personas from competitor campaigns to recommending in-flight optimizations based on live performance telemetry. It uses attention-based explainability to diagnose ad effectiveness and guide content iteration, while aligning messaging with strategic goals through dynamic narrative construction and storytelling. We introduce a new paradigm in GenAI for marketing, where LLMs not only generate content but reason through it, adapt campaigns in real time, and learn from audience engagement patterns. Our results, validated in agency deployments, demonstrate up to 12\texttimes{} efficiency gains, setting the stage for future integration with empirical audience data (e.g., GWI, Nielsen) and full-funnel attribution modeling. MindFuse redefines AI not just as a tool, but as a collaborative agent in the creative and strategic fabric of modern marketing. In the end of the paper, we also provide a forward-looking forecast on how platforms like MindFuse and Google DeepMind's ACAI are likely to shape the future of marketing agencies. These systems will not only reset client expectations toward greater transparency, speed, and personalization, but will also redefine the skillsets demanded from the new generation of marketers. As hybrid agencies emerge-blending creative storytelling with data science and AI engineering-the competitive landscape will increasingly hinge on talent. In this new environment, professionals will be expected to pair human imagination with technical fluency, while agencies will need to reinvent themselves as AI facilitators and curators of brand authenticity amidst the ongoing talent war led by platforms such as Meta.",10.1145/3746027.3758167,https://doi-org.ez24.periodicos.capes.gov.br/10.1145/3746027.3758167,"New York, NY, USA",Association for Computing Machinery,9798400720352,2025,MindFuse: Towards GenAI Explainability in Marketing Strategy Co-Creation,"Farseev, Aleksandr and Ongpin, Marlo and Yang, Qi and Gossoudarev, Ilia and Chu-Farseeva, Yu-Yi and Nikolenko, Sergey",inproceedings,10.1145/3746027.3758167,12409–12418,,,,,,,
CHI '25,,"conceptual design, 3D prototype, generative AI",19,685,Proceedings of the 2025 CHI Conference on Human Factors in Computing Systems,"Developing and simulating 3D prototypes is crucial in product conceptual design for ideation and presentation. Traditional methods often keep physical and virtual prototypes separate, leading to a disjointed prototype workflow. In addition, acquiring high-fidelity prototypes is time-consuming and resource-intensive, distracting designers from creative exploration. Recent advancements in generative artificial intelligence&nbsp;(GAI) and extended reality&nbsp;(XR) provided new solutions for rapid prototype transition and mixed simulation. We conducted a formative study to understand current challenges in the traditional prototype process and explore how to effectively utilize GAI and XR ability in prototype. Then we introduced FusionProtor, a mixed-prototype tool for component-level 3D prototype transition and simulation. We proposed a step-by-step generation pipeline in FusionProtor, effectively transiting 3D prototypes from physical to virtual and low- to high-fidelity for rapid ideation and iteration. We also innovated a component-level 3D creation method and applied it in XR environment for the mixed-prototype presentation and interaction. We conducted technical and user experiments to verify FusionProtor’s usability in supporting diverse designs. Our results verified that it achieved a seamless workflow between physical and virtual domains, enhancing efficiency and promoting ideation. We also explored the effect of mixed interaction on design and critically discussed its best practices for HCI community.",10.1145/3706598.3713686,https://doi-org.ez24.periodicos.capes.gov.br/10.1145/3706598.3713686,"New York, NY, USA",Association for Computing Machinery,9798400713941,2025,FusionProtor: A Mixed-Prototype Tool for Component-level Physical-to-Virtual 3D Transition and Simulation,"Zhang, Hongbo and Chen, Pei and Xie, Xuelong and Jiang, Zhaoqu and Wu, Yifei and Li, Zejian and Chen, Xiaoyu and Sun, Lingyun",inproceedings,10.1145/3706598.3713686,,,,,,,,
CHI '25,,"Haptics, Designers, Generative AI, Extended Reality",24,495,Proceedings of the 2025 CHI Conference on Human Factors in Computing Systems,"Designing haptic effects is a complex, time-consuming process requiring specialized skills and tools. To support haptic design, we introduce HapticGen, a generative model designed to create vibrotactile signals from text inputs. We conducted a formative workshop to identify requirements for an AI-driven haptic model. Given the limited size of existing haptic datasets, we trained HapticGen on a large, labeled dataset of 335k audio samples using an automated audio-to-haptic conversion method. Expert haptic designers then used HapticGen’s integrated interface to prompt and rate signals, creating a haptic-specific preference dataset for fine-tuning. We evaluated the fine-tuned HapticGen with 32 users, qualitatively and quantitatively, in an A/B comparison against a baseline text-to-audio model with audio-to-haptic conversion. Results show significant improvements in five haptic experience (e.g., realism) and system usability factors (e.g., future use). Qualitative feedback indicates HapticGen streamlines the ideation process for designers and helps generate diverse, nuanced vibrations.",10.1145/3706598.3713609,https://doi-org.ez24.periodicos.capes.gov.br/10.1145/3706598.3713609,"New York, NY, USA",Association for Computing Machinery,9798400713941,2025,HapticGen: Generative Text-to-Vibration Model for Streamlining Haptic Design,"Sung, Youjin and John, Kevin and Yoon, Sang Ho and Seifi, Hasti",inproceedings,10.1145/3706598.3713609,,,,,,,,
SA '24,"Tokyo, Japan","Image \&amp; Video Generative AI, Computational Photography, Neural Rendering, Perception, Image-based Modeling, Diffusion models",11,62,SIGGRAPH Asia 2024 Conference Papers,"Text-to-image models have revolutionized content creation, enabling users to generate images from natural language prompts. While recent advancements in conditioning these models offer more control over the generated results, photography—a significant artistic domain—remains inadequately integrated into these systems. Our research identifies critical gaps in modeling camera settings and photographic terms within text-to-image synthesis. Vision-language models (VLMs) like CLIP and OpenCLIP, which typically drive the text conditions through cross-attention mechanisms of conditional diffusion models, struggle to represent numerical data like camera settings effectively in their textual space. To address these challenges, we present CameraSettings20k, a new dataset aggregated from RAISE&nbsp;[Dang-Nguyen et&nbsp;al. 2015], DDPD&nbsp;[Abuolaim and Brown 2020], and PPR10K&nbsp;[Liang et&nbsp;al. 2021]. Our curated dataset offers normalized camera settings for over 20,000 raw-format images, providing equivalent values standardized to a full-frame sensor. Furthermore, we introduce Camera Settings as Tokens, an embedding approach leveraging the LoRA adapter of Latent Diffusion Models (LDMs) to numerically control image generation based on photographic principles like focal length, aperture, film speed, and exposure time. Our experimental results demonstrate the effectiveness of the proposed approach to generate promising synthesized images obeying the photographic principles given the specified numerical camera settings. Furthermore, our work not only bridges the gap between camera settings and user-friendly photographic control in image synthesis but also sets the stage for future explorations into more physics-aware generative models.",10.1145/3680528.3687635,https://doi-org.ez24.periodicos.capes.gov.br/10.1145/3680528.3687635,"New York, NY, USA",Association for Computing Machinery,9798400711312,2024,Camera Settings as Tokens: Modeling Photography on Latent Diffusion Models,"Fang, I-Sheng and Han, Yue-Hua and Chen, Jun-Cheng",inproceedings,10.1145/3680528.3687635,,,,,,,,
CHI '25,,"Memory, AI-generated Media, Misinformation, Generative AI, Human-AI Interaction",20,538,Proceedings of the 2025 CHI Conference on Human Factors in Computing Systems,"AI is increasingly used to enhance images and videos, both intentionally and unintentionally. As AI editing tools become more integrated into smartphones, users can modify or animate photos into realistic videos. This study examines the impact of AI-altered visuals on false memories—recollections of events that didn’t occur or deviate from reality. In a pre-registered study, 200 participants were divided into four conditions of 50 each. Participants viewed original images, completed a filler task, then saw stimuli corresponding to their assigned condition: unedited images, AI-edited images, AI-generated videos, or AI-generated videos of AI-edited images. AI-edited visuals significantly increased false recollections, with AI-generated videos of AI-edited images having the strongest effect (2.05x compared to control). Confidence in false memories was also highest for this condition (1.19x compared to control). We discuss potential applications in HCI, such as therapeutic memory reframing, and challenges in ethical, legal, political, and societal domains.",10.1145/3706598.3713697,https://doi-org.ez24.periodicos.capes.gov.br/10.1145/3706598.3713697,"New York, NY, USA",Association for Computing Machinery,9798400713941,2025,Synthetic Human Memories: AI-Edited Images and Videos Can Implant False Memories and Distort Recollection,"Pataranutaporn, Pat and Archiwaranguprok, Chayapatr and Chan, Samantha W. T. and Loftus, Elizabeth and Maes, Pattie",inproceedings,10.1145/3706598.3713697,,,,,,,,
,,"Fashion Product Design, Latent Diffusion Models, Textual Inversion, Generative AI, Multimodal Learning",,,,"Fashion illustration is a crucial medium for designers to convey their creative vision and transform design concepts into tangible representations that showcase the interplay between clothing and the human body. In the context of fashion design, computer vision techniques have the potential to enhance and streamline the design process. Departing from prior research primarily focused on virtual try-on, this paper tackles the task of multimodal-conditioned fashion image editing. Our approach aims to generate human-centric fashion images guided by multimodal prompts, including text, human body poses, garment sketches, and fabric textures. To address this problem, we propose extending latent diffusion models to incorporate these multiple modalities and modifying the structure of the denoising network, taking multimodal prompts as input. To condition the proposed architecture on fabric textures, we employ textual inversion techniques and let diverse cross-attention layers of the denoising network attend to textual and texture information, thus incorporating different granularity conditioning details. Given the lack of datasets for the task, we extend two existing fashion datasets, Dress Code and VITON-HD, with multimodal annotations. Experimental evaluations demonstrate the effectiveness of our proposed approach in terms of realism and coherence concerning the provided multimodal inputs.",10.1145/3789212,https://doi-org.ez24.periodicos.capes.gov.br/10.1145/3789212,"New York, NY, USA",Association for Computing Machinery,,2026,Multimodal-Conditioned Latent Diffusion Models for Fashion Image Editing,"Baldrati, Alberto and Morelli, Davide and Cornia, Marcella and Bertini, Marco and Cucchiara, Rita",article,10.1145/3789212,,January,ACM Trans. Multimedia Comput. Commun. Appl.,1551-6857,,,,Just Accepted
